INTERVALSTARTTIME_GMT,INTERVALENDTIME_GMT,LOAD_TYPE,OPR_DT,OPR_HR,OPR_INTERVAL,MARKET_RUN_ID,TAC_AREA_NAME,LABEL,XML_DATA_ITEM,POS,MW,EXECUTION_TYPE,GROUP
2016-04-15T23:00:00-00:00,2016-04-16T00:00:00-00:00,1,2016-04-15,17,0,DAM,CA ISO-TAC,Demand Forecast Day Ahead,SYS_FCST_DA_MW,2,24345.57,DAM,1
2016-04-16T05:00:00-00:00,2016-04-16T06:00:00-00:00,1,2016-04-15,23,0,DAM,CA ISO-TAC,Demand Forecast Day Ahead,SYS_FCST_DA_MW,2,24701.7,DAM,1
2016-04-15T14:00:00-00:00,2016-04-15T15:00:00-00:00,1,2016-04-15,8,0,DAM,CA ISO-TAC,Demand Forecast Day Ahead,SYS_FCST_DA_MW,2,24998.86,DAM,1
2016-04-15T18:00:00-00:00,2016-04-15T19:00:00-00:00,1,2016-04-15,12,0,DAM,CA ISO-TAC,Demand Forecast Day Ahead,SYS_FCST_DA_MW,2,24724.99,DAM,1
2016-04-15T19:00:00-00:00,2016-04-15T20:00:00-00:00,1,2016-04-15,13,0,DAM,CA ISO-TAC,Demand Forecast Day Ahead,SYS_FCST_DA_MW,2,24513.47,DAM,1
2016-04-16T06:00:00-00:00,2016-04-16T07:00:00-00:00,1,2016-04-15,24,0,DAM,CA ISO-TAC,Demand Forecast Day Ahead,SYS_FCST_DA_MW,2,22995.56,DAM,1
2016-04-15T13:00:00-00:00,2016-04-15T14:00:00-00:00,1,2016-04-15,7,0,DAM,CA ISO-TAC,Demand Forecast Day Ahead,SYS_FCST_DA_MW,2,23826.88,DAM,1
2016-04-16T03:00:00-00:00,2016-04-16T04:00:00-00:00,1,2016-04-15,21,0,DAM,CA ISO-TAC,Demand Forecast Day Ahead,SYS_FCST_DA_MW,2,26840.3,DAM,1
2016-04-15T08:00:00-00:00,2016-04-15T09:00:00-00:00,1,2016-04-15,2,0,DAM,CA ISO-TAC,Demand Forecast Day Ahead,SYS_FCST_DA_MW,2,20524.7,DAM,1
2016-04-15T11:00:00-00:00,2016-04-15T12:00:00-00:00,1,2016-04-15,5,0,DAM,CA ISO-TAC,Demand Forecast Day Ahead,SYS_FCST_DA_MW,2,20490.05,DAM,1
2016-04-15T20:00:00-00:00,2016-04-15T21:00:00-00:00,1,2016-04-15,14,0,DAM,CA ISO-TAC,Demand Forecast Day Ahead,SYS_FCST_DA_MW,2,24496.8,DAM,1
2016-04-16T00:00:00-00:00,2016-04-16T01:00:00-00:00,1,2016-04-15,18,0,DAM,CA ISO-TAC,Demand Forecast Day Ahead,SYS_FCST_DA_MW,2,24453.54,DAM,1
2016-04-16T04:00:00-00:00,2016-04-16T05:00:00-00:00,1,2016-04-15,22,0,DAM,CA ISO-TAC,Demand Forecast Day Ahead,SYS_FCST_DA_MW,2,26160.87,DAM,1
2016-04-15T12:00:00-00:00,2016-04-15T13:00:00-00:00,1,2016-04-15,6,0,DAM,CA ISO-TAC,Demand Forecast Day Ahead,SYS_FCST_DA_MW,2,21776.16,DAM,1
2016-04-15T07:00:00-00:00,2016-04-15T08:00:00-00:00,1,2016-04-15,1,0,DAM,CA ISO-TAC,Demand Forecast Day Ahead,SYS_FCST_DA_MW,2,21419.6,DAM,1
2016-04-15T21:00:00-00:00,2016-04-15T22:00:00-00:00,1,2016-04-15,15,0,DAM,CA ISO-TAC,Demand Forecast Day Ahead,SYS_FCST_DA_MW,2,24563.98,DAM,1
2016-04-16T01:00:00-00:00,2016-04-16T02:00:00-00:00,1,2016-04-15,19,0,DAM,CA ISO-TAC,Demand Forecast Day Ahead,SYS_FCST_DA_MW,2,24935.02,DAM,1
2016-04-16T02:00:00-00:00,2016-04-16T03:00:00-00:00,1,2016-04-15,20,0,DAM,CA ISO-TAC,Demand Forecast Day Ahead,SYS_FCST_DA_MW,2,26138.45,DAM,1
2016-04-15T10:00:00-00:00,2016-04-15T11:00:00-00:00,1,2016-04-15,4,0,DAM,CA ISO-TAC,Demand Forecast Day Ahead,SYS_FCST_DA_MW,2,20113.52,DAM,1
2016-04-15T15:00:00-00:00,2016-04-15T16:00:00-00:00,1,2016-04-15,9,0,DAM,CA ISO-TAC,Demand Forecast Day Ahead,SYS_FCST_DA_MW,2,25290.12,DAM,1
2016-04-15T16:00:00-00:00,2016-04-15T17:00:00-00:00,1,2016-04-15,10,0,DAM,CA ISO-TAC,Demand Forecast Day Ahead,SYS_FCST_DA_MW,2,25142.9,DAM,1
2016-04-15T17:00:00-00:00,2016-04-15T18:00:00-00:00,1,2016-04-15,11,0,DAM,CA ISO-TAC,Demand Forecast Day Ahead,SYS_FCST_DA_MW,2,24948.71,DAM,1
2016-04-15T22:00:00-00:00,2016-04-15T23:00:00-00:00,1,2016-04-15,16,0,DAM,CA ISO-TAC,Demand Forecast Day Ahead,SYS_FCST_DA_MW,2,24457.53,DAM,1
2016-04-15T09:00:00-00:00,2016-04-15T10:00:00-00:00,1,2016-04-15,3,0,DAM,CA ISO-TAC,Demand Forecast Day Ahead,SYS_FCST_DA_MW,2,20174.36,DAM,1
2016-04-15T07:00:00-00:00,2016-04-15T08:00:00-00:00,1,2016-04-15,1,0,DAM,NEVP,Demand Forecast Day Ahead,SYS_FCST_DA_MW,2.8,3081.23,DAM,2
2016-04-15T22:00:00-00:00,2016-04-15T23:00:00-00:00,1,2016-04-15,16,0,DAM,NEVP,Demand Forecast Day Ahead,SYS_FCST_DA_MW,2.8,3271.26,DAM,2
2016-04-15T17:00:00-00:00,2016-04-15T18:00:00-00:00,1,2016-04-15,11,0,DAM,NEVP,Demand Forecast Day Ahead,SYS_FCST_DA_MW,2.8,3391.17,DAM,2
2016-04-15T19:00:00-00:00,2016-04-15T20:00:00-00:00,1,2016-04-15,13,0,DAM,NEVP,Demand Forecast Day Ahead,SYS_FCST_DA_MW,2.8,3308.32,DAM,2
2016-04-15T20:00:00-00:00,2016-04-15T21:00:00-00:00,1,2016-04-15,14,0,DAM,NEVP,Demand Forecast Day Ahead,SYS_FCST_DA_MW,2.8,3304.86,DAM,2
2016-04-15T21:00:00-00:00,2016-04-15T22:00:00-00:00,1,2016-04-15,15,0,DAM,NEVP,Demand Forecast Day Ahead,SYS_FCST_DA_MW,2.8,3276.83,DAM,2
2016-04-16T00:00:00-00:00,2016-04-16T01:00:00-00:00,1,2016-04-15,18,0,DAM,NEVP,Demand Forecast Day Ahead,SYS_FCST_DA_MW,2.8,3209.66,DAM,2
2016-04-16T02:00:00-00:00,2016-04-16T03:00:00-00:00,1,2016-04-15,20,0,DAM,NEVP,Demand Forecast Day Ahead,SYS_FCST_DA_MW,2.8,3416.09,DAM,2
2016-04-16T05:00:00-00:00,2016-04-16T06:00:00-00:00,1,2016-04-15,23,0,DAM,NEVP,Demand Forecast Day Ahead,SYS_FCST_DA_MW,2.8,3343.53,DAM,2
2016-04-16T06:00:00-00:00,2016-04-16T07:00:00-00:00,1,2016-04-15,24,0,DAM,NEVP,Demand Forecast Day Ahead,SYS_FCST_DA_MW,2.8,3201.06,DAM,2
2016-04-15T11:00:00-00:00,2016-04-15T12:00:00-00:00,1,2016-04-15,5,0,DAM,NEVP,Demand Forecast Day Ahead,SYS_FCST_DA_MW,2.8,2919.49,DAM,2
2016-04-15T16:00:00-00:00,2016-04-15T17:00:00-00:00,1,2016-04-15,10,0,DAM,NEVP,Demand Forecast Day Ahead,SYS_FCST_DA_MW,2.8,3384.04,DAM,2
2016-04-16T04:00:00-00:00,2016-04-16T05:00:00-00:00,1,2016-04-15,22,0,DAM,NEVP,Demand Forecast Day Ahead,SYS_FCST_DA_MW,2.8,3463.39,DAM,2
2016-04-15T23:00:00-00:00,2016-04-16T00:00:00-00:00,1,2016-04-15,17,0,DAM,NEVP,Demand Forecast Day Ahead,SYS_FCST_DA_MW,2.8,3291.09,DAM,2
2016-04-16T01:00:00-00:00,2016-04-16T02:00:00-00:00,1,2016-04-15,19,0,DAM,NEVP,Demand Forecast Day Ahead,SYS_FCST_DA_MW,2.8,3237.69,DAM,2
2016-04-16T03:00:00-00:00,2016-04-16T04:00:00-00:00,1,2016-04-15,21,0,DAM,NEVP,Demand Forecast Day Ahead,SYS_FCST_DA_MW,2.8,3509.85,DAM,2
2016-04-15T10:00:00-00:00,2016-04-15T11:00:00-00:00,1,2016-04-15,4,0,DAM,NEVP,Demand Forecast Day Ahead,SYS_FCST_DA_MW,2.8,2876.91,DAM,2
2016-04-15T12:00:00-00:00,2016-04-15T13:00:00-00:00,1,2016-04-15,6,0,DAM,NEVP,Demand Forecast Day Ahead,SYS_FCST_DA_MW,2.8,3066.51,DAM,2
2016-04-15T15:00:00-00:00,2016-04-15T16:00:00-00:00,1,2016-04-15,9,0,DAM,NEVP,Demand Forecast Day Ahead,SYS_FCST_DA_MW,2.8,3324.04,DAM,2
2016-04-15T18:00:00-00:00,2016-04-15T19:00:00-00:00,1,2016-04-15,12,0,DAM,NEVP,Demand Forecast Day Ahead,SYS_FCST_DA_MW,2.8,3350.4,DAM,2
2016-04-15T08:00:00-00:00,2016-04-15T09:00:00-00:00,1,2016-04-15,2,0,DAM,NEVP,Demand Forecast Day Ahead,SYS_FCST_DA_MW,2.8,2977.13,DAM,2
2016-04-15T09:00:00-00:00,2016-04-15T10:00:00-00:00,1,2016-04-15,3,0,DAM,NEVP,Demand Forecast Day Ahead,SYS_FCST_DA_MW,2.8,2916.46,DAM,2
2016-04-15T14:00:00-00:00,2016-04-15T15:00:00-00:00,1,2016-04-15,8,0,DAM,NEVP,Demand Forecast Day Ahead,SYS_FCST_DA_MW,2.8,3244.5,DAM,2
2016-04-15T13:00:00-00:00,2016-04-15T14:00:00-00:00,1,2016-04-15,7,0,DAM,NEVP,Demand Forecast Day Ahead,SYS_FCST_DA_MW,2.8,3168.63,DAM,2
2016-04-16T00:00:00-00:00,2016-04-16T01:00:00-00:00,1,2016-04-15,18,0,DAM,PACE,Demand Forecast Day Ahead,SYS_FCST_DA_MW,2.8,4618.29,DAM,3
2016-04-16T02:00:00-00:00,2016-04-16T03:00:00-00:00,1,2016-04-15,20,0,DAM,PACE,Demand Forecast Day Ahead,SYS_FCST_DA_MW,2.8,4857.57,DAM,3
2016-04-15T09:00:00-00:00,2016-04-15T10:00:00-00:00,1,2016-04-15,3,0,DAM,PACE,Demand Forecast Day Ahead,SYS_FCST_DA_MW,2.8,4063.97,DAM,3
2016-04-15T10:00:00-00:00,2016-04-15T11:00:00-00:00,1,2016-04-15,4,0,DAM,PACE,Demand Forecast Day Ahead,SYS_FCST_DA_MW,2.8,4115.24,DAM,3
2016-04-15T11:00:00-00:00,2016-04-15T12:00:00-00:00,1,2016-04-15,5,0,DAM,PACE,Demand Forecast Day Ahead,SYS_FCST_DA_MW,2.8,4306.3,DAM,3
2016-04-15T12:00:00-00:00,2016-04-15T13:00:00-00:00,1,2016-04-15,6,0,DAM,PACE,Demand Forecast Day Ahead,SYS_FCST_DA_MW,2.8,4630.2,DAM,3
2016-04-16T04:00:00-00:00,2016-04-16T05:00:00-00:00,1,2016-04-15,22,0,DAM,PACE,Demand Forecast Day Ahead,SYS_FCST_DA_MW,2.8,4666.65,DAM,3
2016-04-15T08:00:00-00:00,2016-04-15T09:00:00-00:00,1,2016-04-15,2,0,DAM,PACE,Demand Forecast Day Ahead,SYS_FCST_DA_MW,2.8,4068.51,DAM,3
2016-04-15T15:00:00-00:00,2016-04-15T16:00:00-00:00,1,2016-04-15,9,0,DAM,PACE,Demand Forecast Day Ahead,SYS_FCST_DA_MW,2.8,5051.97,DAM,3
2016-04-15T20:00:00-00:00,2016-04-15T21:00:00-00:00,1,2016-04-15,14,0,DAM,PACE,Demand Forecast Day Ahead,SYS_FCST_DA_MW,2.8,4899.83,DAM,3
2016-04-15T18:00:00-00:00,2016-04-15T19:00:00-00:00,1,2016-04-15,12,0,DAM,PACE,Demand Forecast Day Ahead,SYS_FCST_DA_MW,2.8,4965,DAM,3
2016-04-16T06:00:00-00:00,2016-04-16T07:00:00-00:00,1,2016-04-15,24,0,DAM,PACE,Demand Forecast Day Ahead,SYS_FCST_DA_MW,2.8,4196.47,DAM,3
2016-04-15T13:00:00-00:00,2016-04-15T14:00:00-00:00,1,2016-04-15,7,0,DAM,PACE,Demand Forecast Day Ahead,SYS_FCST_DA_MW,2.8,4886.68,DAM,3
2016-04-15T16:00:00-00:00,2016-04-15T17:00:00-00:00,1,2016-04-15,10,0,DAM,PACE,Demand Forecast Day Ahead,SYS_FCST_DA_MW,2.8,5048.2,DAM,3
2016-04-15T19:00:00-00:00,2016-04-15T20:00:00-00:00,1,2016-04-15,13,0,DAM,PACE,Demand Forecast Day Ahead,SYS_FCST_DA_MW,2.8,4942.14,DAM,3
2016-04-15T22:00:00-00:00,2016-04-15T23:00:00-00:00,1,2016-04-15,16,0,DAM,PACE,Demand Forecast Day Ahead,SYS_FCST_DA_MW,2.8,4790.22,DAM,3
2016-04-15T23:00:00-00:00,2016-04-16T00:00:00-00:00,1,2016-04-15,17,0,DAM,PACE,Demand Forecast Day Ahead,SYS_FCST_DA_MW,2.8,4703.47,DAM,3
2016-04-16T01:00:00-00:00,2016-04-16T02:00:00-00:00,1,2016-04-15,19,0,DAM,PACE,Demand Forecast Day Ahead,SYS_FCST_DA_MW,2.8,4652.84,DAM,3
2016-04-16T03:00:00-00:00,2016-04-16T04:00:00-00:00,1,2016-04-15,21,0,DAM,PACE,Demand Forecast Day Ahead,SYS_FCST_DA_MW,2.8,4865.51,DAM,3
2016-04-16T05:00:00-00:00,2016-04-16T06:00:00-00:00,1,2016-04-15,23,0,DAM,PACE,Demand Forecast Day Ahead,SYS_FCST_DA_MW,2.8,4407,DAM,3
2016-04-15T07:00:00-00:00,2016-04-15T08:00:00-00:00,1,2016-04-15,1,0,DAM,PACE,Demand Forecast Day Ahead,SYS_FCST_DA_MW,2.8,4122.46,DAM,3
2016-04-15T14:00:00-00:00,2016-04-15T15:00:00-00:00,1,2016-04-15,8,0,DAM,PACE,Demand Forecast Day Ahead,SYS_FCST_DA_MW,2.8,5003.22,DAM,3
2016-04-15T21:00:00-00:00,2016-04-15T22:00:00-00:00,1,2016-04-15,15,0,DAM,PACE,Demand Forecast Day Ahead,SYS_FCST_DA_MW,2.8,4847.8,DAM,3
2016-04-15T17:00:00-00:00,2016-04-15T18:00:00-00:00,1,2016-04-15,11,0,DAM,PACE,Demand Forecast Day Ahead,SYS_FCST_DA_MW,2.8,5015.48,DAM,3
2016-04-15T19:00:00-00:00,2016-04-15T20:00:00-00:00,1,2016-04-15,13,0,DAM,PACW,Demand Forecast Day Ahead,SYS_FCST_DA_MW,2.8,2294.68,DAM,4
2016-04-15T22:00:00-00:00,2016-04-15T23:00:00-00:00,1,2016-04-15,16,0,DAM,PACW,Demand Forecast Day Ahead,SYS_FCST_DA_MW,2.8,2160.01,DAM,4
2016-04-16T05:00:00-00:00,2016-04-16T06:00:00-00:00,1,2016-04-15,23,0,DAM,PACW,Demand Forecast Day Ahead,SYS_FCST_DA_MW,2.8,2060.06,DAM,4
2016-04-15T10:00:00-00:00,2016-04-15T11:00:00-00:00,1,2016-04-15,4,0,DAM,PACW,Demand Forecast Day Ahead,SYS_FCST_DA_MW,2.8,1775.53,DAM,4
2016-04-15T21:00:00-00:00,2016-04-15T22:00:00-00:00,1,2016-04-15,15,0,DAM,PACW,Demand Forecast Day Ahead,SYS_FCST_DA_MW,2.8,2196.1,DAM,4
2016-04-15T14:00:00-00:00,2016-04-15T15:00:00-00:00,1,2016-04-15,8,0,DAM,PACW,Demand Forecast Day Ahead,SYS_FCST_DA_MW,2.8,2636.72,DAM,4
2016-04-15T18:00:00-00:00,2016-04-15T19:00:00-00:00,1,2016-04-15,12,0,DAM,PACW,Demand Forecast Day Ahead,SYS_FCST_DA_MW,2.8,2364.99,DAM,4
2016-04-15T13:00:00-00:00,2016-04-15T14:00:00-00:00,1,2016-04-15,7,0,DAM,PACW,Demand Forecast Day Ahead,SYS_FCST_DA_MW,2.8,2453.42,DAM,4
2016-04-15T15:00:00-00:00,2016-04-15T16:00:00-00:00,1,2016-04-15,9,0,DAM,PACW,Demand Forecast Day Ahead,SYS_FCST_DA_MW,2.8,2600.65,DAM,4
2016-04-16T02:00:00-00:00,2016-04-16T03:00:00-00:00,1,2016-04-15,20,0,DAM,PACW,Demand Forecast Day Ahead,SYS_FCST_DA_MW,2.8,2156.91,DAM,4
2016-04-15T07:00:00-00:00,2016-04-15T08:00:00-00:00,1,2016-04-15,1,0,DAM,PACW,Demand Forecast Day Ahead,SYS_FCST_DA_MW,2.8,1829.1,DAM,4
2016-04-15T20:00:00-00:00,2016-04-15T21:00:00-00:00,1,2016-04-15,14,0,DAM,PACW,Demand Forecast Day Ahead,SYS_FCST_DA_MW,2.8,2243.28,DAM,4
2016-04-15T08:00:00-00:00,2016-04-15T09:00:00-00:00,1,2016-04-15,2,0,DAM,PACW,Demand Forecast Day Ahead,SYS_FCST_DA_MW,2.8,1772.39,DAM,4
2016-04-15T23:00:00-00:00,2016-04-16T00:00:00-00:00,1,2016-04-15,17,0,DAM,PACW,Demand Forecast Day Ahead,SYS_FCST_DA_MW,2.8,2153.37,DAM,4
2016-04-16T00:00:00-00:00,2016-04-16T01:00:00-00:00,1,2016-04-15,18,0,DAM,PACW,Demand Forecast Day Ahead,SYS_FCST_DA_MW,2.8,2160.62,DAM,4
2016-04-16T03:00:00-00:00,2016-04-16T04:00:00-00:00,1,2016-04-15,21,0,DAM,PACW,Demand Forecast Day Ahead,SYS_FCST_DA_MW,2.8,2258.71,DAM,4
2016-04-15T09:00:00-00:00,2016-04-15T10:00:00-00:00,1,2016-04-15,3,0,DAM,PACW,Demand Forecast Day Ahead,SYS_FCST_DA_MW,2.8,1752.58,DAM,4
2016-04-15T11:00:00-00:00,2016-04-15T12:00:00-00:00,1,2016-04-15,5,0,DAM,PACW,Demand Forecast Day Ahead,SYS_FCST_DA_MW,2.8,1865.58,DAM,4
2016-04-15T12:00:00-00:00,2016-04-15T13:00:00-00:00,1,2016-04-15,6,0,DAM,PACW,Demand Forecast Day Ahead,SYS_FCST_DA_MW,2.8,2099.49,DAM,4
2016-04-15T16:00:00-00:00,2016-04-15T17:00:00-00:00,1,2016-04-15,10,0,DAM,PACW,Demand Forecast Day Ahead,SYS_FCST_DA_MW,2.8,2531.09,DAM,4
2016-04-15T17:00:00-00:00,2016-04-15T18:00:00-00:00,1,2016-04-15,11,0,DAM,PACW,Demand Forecast Day Ahead,SYS_FCST_DA_MW,2.8,2453.71,DAM,4
2016-04-16T01:00:00-00:00,2016-04-16T02:00:00-00:00,1,2016-04-15,19,0,DAM,PACW,Demand Forecast Day Ahead,SYS_FCST_DA_MW,2.8,2148.4,DAM,4
2016-04-16T04:00:00-00:00,2016-04-16T05:00:00-00:00,1,2016-04-15,22,0,DAM,PACW,Demand Forecast Day Ahead,SYS_FCST_DA_MW,2.8,2210.11,DAM,4
2016-04-16T06:00:00-00:00,2016-04-16T07:00:00-00:00,1,2016-04-15,24,0,DAM,PACW,Demand Forecast Day Ahead,SYS_FCST_DA_MW,2.8,1897.4,DAM,4
2016-04-15T16:00:00-00:00,2016-04-15T17:00:00-00:00,1,2016-04-15,10,0,DAM,PGE-TAC,Demand Forecast Day Ahead,SYS_FCST_DA_MW,2.1,11662,DAM,5
2016-04-16T02:00:00-00:00,2016-04-16T03:00:00-00:00,1,2016-04-15,20,0,DAM,PGE-TAC,Demand Forecast Day Ahead,SYS_FCST_DA_MW,2.1,11812,DAM,5
2016-04-15T21:00:00-00:00,2016-04-15T22:00:00-00:00,1,2016-04-15,15,0,DAM,PGE-TAC,Demand Forecast Day Ahead,SYS_FCST_DA_MW,2.1,10907,DAM,5
2016-04-15T22:00:00-00:00,2016-04-15T23:00:00-00:00,1,2016-04-15,16,0,DAM,PGE-TAC,Demand Forecast Day Ahead,SYS_FCST_DA_MW,2.1,10880,DAM,5
2016-04-16T06:00:00-00:00,2016-04-16T07:00:00-00:00,1,2016-04-15,24,0,DAM,PGE-TAC,Demand Forecast Day Ahead,SYS_FCST_DA_MW,2.1,10459,DAM,5
2016-04-15T15:00:00-00:00,2016-04-15T16:00:00-00:00,1,2016-04-15,9,0,DAM,PGE-TAC,Demand Forecast Day Ahead,SYS_FCST_DA_MW,2.1,11833,DAM,5
2016-04-15T10:00:00-00:00,2016-04-15T11:00:00-00:00,1,2016-04-15,4,0,DAM,PGE-TAC,Demand Forecast Day Ahead,SYS_FCST_DA_MW,2.1,9329,DAM,5
2016-04-15T08:00:00-00:00,2016-04-15T09:00:00-00:00,1,2016-04-15,2,0,DAM,PGE-TAC,Demand Forecast Day Ahead,SYS_FCST_DA_MW,2.1,9536,DAM,5
2016-04-15T09:00:00-00:00,2016-04-15T10:00:00-00:00,1,2016-04-15,3,0,DAM,PGE-TAC,Demand Forecast Day Ahead,SYS_FCST_DA_MW,2.1,9365,DAM,5
2016-04-15T17:00:00-00:00,2016-04-15T18:00:00-00:00,1,2016-04-15,11,0,DAM,PGE-TAC,Demand Forecast Day Ahead,SYS_FCST_DA_MW,2.1,11448,DAM,5
2016-04-15T23:00:00-00:00,2016-04-16T00:00:00-00:00,1,2016-04-15,17,0,DAM,PGE-TAC,Demand Forecast Day Ahead,SYS_FCST_DA_MW,2.1,10902,DAM,5
2016-04-16T00:00:00-00:00,2016-04-16T01:00:00-00:00,1,2016-04-15,18,0,DAM,PGE-TAC,Demand Forecast Day Ahead,SYS_FCST_DA_MW,2.1,11025,DAM,5
2016-04-16T03:00:00-00:00,2016-04-16T04:00:00-00:00,1,2016-04-15,21,0,DAM,PGE-TAC,Demand Forecast Day Ahead,SYS_FCST_DA_MW,2.1,12168,DAM,5
2016-04-15T13:00:00-00:00,2016-04-15T14:00:00-00:00,1,2016-04-15,7,0,DAM,PGE-TAC,Demand Forecast Day Ahead,SYS_FCST_DA_MW,2.1,11076,DAM,5
2016-04-15T14:00:00-00:00,2016-04-15T15:00:00-00:00,1,2016-04-15,8,0,DAM,PGE-TAC,Demand Forecast Day Ahead,SYS_FCST_DA_MW,2.1,11720,DAM,5
2016-04-16T01:00:00-00:00,2016-04-16T02:00:00-00:00,1,2016-04-15,19,0,DAM,PGE-TAC,Demand Forecast Day Ahead,SYS_FCST_DA_MW,2.1,11328,DAM,5
2016-04-16T05:00:00-00:00,2016-04-16T06:00:00-00:00,1,2016-04-15,23,0,DAM,PGE-TAC,Demand Forecast Day Ahead,SYS_FCST_DA_MW,2.1,11201,DAM,5
2016-04-15T12:00:00-00:00,2016-04-15T13:00:00-00:00,1,2016-04-15,6,0,DAM,PGE-TAC,Demand Forecast Day Ahead,SYS_FCST_DA_MW,2.1,10109,DAM,5
2016-04-15T18:00:00-00:00,2016-04-15T19:00:00-00:00,1,2016-04-15,12,0,DAM,PGE-TAC,Demand Forecast Day Ahead,SYS_FCST_DA_MW,2.1,11268,DAM,5
2016-04-15T20:00:00-00:00,2016-04-15T21:00:00-00:00,1,2016-04-15,14,0,DAM,PGE-TAC,Demand Forecast Day Ahead,SYS_FCST_DA_MW,2.1,10920,DAM,5
2016-04-16T04:00:00-00:00,2016-04-16T05:00:00-00:00,1,2016-04-15,22,0,DAM,PGE-TAC,Demand Forecast Day Ahead,SYS_FCST_DA_MW,2.1,11846,DAM,5
2016-04-15T07:00:00-00:00,2016-04-15T08:00:00-00:00,1,2016-04-15,1,0,DAM,PGE-TAC,Demand Forecast Day Ahead,SYS_FCST_DA_MW,2.1,9925,DAM,5
2016-04-15T11:00:00-00:00,2016-04-15T12:00:00-00:00,1,2016-04-15,5,0,DAM,PGE-TAC,Demand Forecast Day Ahead,SYS_FCST_DA_MW,2.1,9520,DAM,5
2016-04-15T19:00:00-00:00,2016-04-15T20:00:00-00:00,1,2016-04-15,13,0,DAM,PGE-TAC,Demand Forecast Day Ahead,SYS_FCST_DA_MW,2.1,11045,DAM,5
2016-04-16T02:00:00-00:00,2016-04-16T03:00:00-00:00,1,2016-04-15,20,0,DAM,SCE-TAC,Demand Forecast Day Ahead,SYS_FCST_DA_MW,2.2,11766.33,DAM,6
2016-04-16T01:00:00-00:00,2016-04-16T02:00:00-00:00,1,2016-04-15,19,0,DAM,SCE-TAC,Demand Forecast Day Ahead,SYS_FCST_DA_MW,2.2,11234.34,DAM,6
2016-04-15T15:00:00-00:00,2016-04-15T16:00:00-00:00,1,2016-04-15,9,0,DAM,SCE-TAC,Demand Forecast Day Ahead,SYS_FCST_DA_MW,2.2,11181.41,DAM,6
2016-04-16T05:00:00-00:00,2016-04-16T06:00:00-00:00,1,2016-04-15,23,0,DAM,SCE-TAC,Demand Forecast Day Ahead,SYS_FCST_DA_MW,2.2,11222.18,DAM,6
2016-04-15T10:00:00-00:00,2016-04-15T11:00:00-00:00,1,2016-04-15,4,0,DAM,SCE-TAC,Demand Forecast Day Ahead,SYS_FCST_DA_MW,2.2,9048.15,DAM,6
2016-04-15T23:00:00-00:00,2016-04-16T00:00:00-00:00,1,2016-04-15,17,0,DAM,SCE-TAC,Demand Forecast Day Ahead,SYS_FCST_DA_MW,2.2,11261.53,DAM,6
2016-04-15T13:00:00-00:00,2016-04-15T14:00:00-00:00,1,2016-04-15,7,0,DAM,SCE-TAC,Demand Forecast Day Ahead,SYS_FCST_DA_MW,2.2,10607.29,DAM,6
2016-04-15T09:00:00-00:00,2016-04-15T10:00:00-00:00,1,2016-04-15,3,0,DAM,SCE-TAC,Demand Forecast Day Ahead,SYS_FCST_DA_MW,2.2,9058.86,DAM,6
2016-04-16T04:00:00-00:00,2016-04-16T05:00:00-00:00,1,2016-04-15,22,0,DAM,SCE-TAC,Demand Forecast Day Ahead,SYS_FCST_DA_MW,2.2,11845.32,DAM,6
2016-04-15T21:00:00-00:00,2016-04-15T22:00:00-00:00,1,2016-04-15,15,0,DAM,SCE-TAC,Demand Forecast Day Ahead,SYS_FCST_DA_MW,2.2,11550.38,DAM,6
2016-04-15T20:00:00-00:00,2016-04-15T21:00:00-00:00,1,2016-04-15,14,0,DAM,SCE-TAC,Demand Forecast Day Ahead,SYS_FCST_DA_MW,2.2,11479.54,DAM,6
2016-04-15T19:00:00-00:00,2016-04-15T20:00:00-00:00,1,2016-04-15,13,0,DAM,SCE-TAC,Demand Forecast Day Ahead,SYS_FCST_DA_MW,2.2,11374.33,DAM,6
2016-04-15T14:00:00-00:00,2016-04-15T15:00:00-00:00,1,2016-04-15,8,0,DAM,SCE-TAC,Demand Forecast Day Ahead,SYS_FCST_DA_MW,2.2,11042.36,DAM,6
2016-04-15T11:00:00-00:00,2016-04-15T12:00:00-00:00,1,2016-04-15,5,0,DAM,SCE-TAC,Demand Forecast Day Ahead,SYS_FCST_DA_MW,2.2,9193.04,DAM,6
2016-04-16T06:00:00-00:00,2016-04-16T07:00:00-00:00,1,2016-04-15,24,0,DAM,SCE-TAC,Demand Forecast Day Ahead,SYS_FCST_DA_MW,2.2,10462.78,DAM,6
2016-04-15T17:00:00-00:00,2016-04-15T18:00:00-00:00,1,2016-04-15,11,0,DAM,SCE-TAC,Demand Forecast Day Ahead,SYS_FCST_DA_MW,2.2,11321.62,DAM,6
2016-04-15T16:00:00-00:00,2016-04-15T17:00:00-00:00,1,2016-04-15,10,0,DAM,SCE-TAC,Demand Forecast Day Ahead,SYS_FCST_DA_MW,2.2,11239.8,DAM,6
2016-04-15T08:00:00-00:00,2016-04-15T09:00:00-00:00,1,2016-04-15,2,0,DAM,SCE-TAC,Demand Forecast Day Ahead,SYS_FCST_DA_MW,2.2,9188.18,DAM,6
2016-04-16T03:00:00-00:00,2016-04-16T04:00:00-00:00,1,2016-04-15,21,0,DAM,SCE-TAC,Demand Forecast Day Ahead,SYS_FCST_DA_MW,2.2,12068.28,DAM,6
2016-04-16T00:00:00-00:00,2016-04-16T01:00:00-00:00,1,2016-04-15,18,0,DAM,SCE-TAC,Demand Forecast Day Ahead,SYS_FCST_DA_MW,2.2,11157.21,DAM,6
2016-04-15T18:00:00-00:00,2016-04-15T19:00:00-00:00,1,2016-04-15,12,0,DAM,SCE-TAC,Demand Forecast Day Ahead,SYS_FCST_DA_MW,2.2,11349.44,DAM,6
2016-04-15T22:00:00-00:00,2016-04-15T23:00:00-00:00,1,2016-04-15,16,0,DAM,SCE-TAC,Demand Forecast Day Ahead,SYS_FCST_DA_MW,2.2,11451.45,DAM,6
2016-04-15T12:00:00-00:00,2016-04-15T13:00:00-00:00,1,2016-04-15,6,0,DAM,SCE-TAC,Demand Forecast Day Ahead,SYS_FCST_DA_MW,2.2,9741.25,DAM,6
2016-04-15T07:00:00-00:00,2016-04-15T08:00:00-00:00,1,2016-04-15,1,0,DAM,SCE-TAC,Demand Forecast Day Ahead,SYS_FCST_DA_MW,2.2,9601.01,DAM,6
2016-04-16T04:00:00-00:00,2016-04-16T05:00:00-00:00,1,2016-04-15,22,0,DAM,SDGE-TAC,Demand Forecast Day Ahead,SYS_FCST_DA_MW,2.4,2419,DAM,7
2016-04-15T08:00:00-00:00,2016-04-15T09:00:00-00:00,1,2016-04-15,2,0,DAM,SDGE-TAC,Demand Forecast Day Ahead,SYS_FCST_DA_MW,2.4,1759,DAM,7
2016-04-15T19:00:00-00:00,2016-04-15T20:00:00-00:00,1,2016-04-15,13,0,DAM,SDGE-TAC,Demand Forecast Day Ahead,SYS_FCST_DA_MW,2.4,2042,DAM,7
2016-04-15T22:00:00-00:00,2016-04-15T23:00:00-00:00,1,2016-04-15,16,0,DAM,SDGE-TAC,Demand Forecast Day Ahead,SYS_FCST_DA_MW,2.4,2073,DAM,7
2016-04-15T11:00:00-00:00,2016-04-15T12:00:00-00:00,1,2016-04-15,5,0,DAM,SDGE-TAC,Demand Forecast Day Ahead,SYS_FCST_DA_MW,2.4,1732,DAM,7
2016-04-15T17:00:00-00:00,2016-04-15T18:00:00-00:00,1,2016-04-15,11,0,DAM,SDGE-TAC,Demand Forecast Day Ahead,SYS_FCST_DA_MW,2.4,2125,DAM,7
2016-04-15T14:00:00-00:00,2016-04-15T15:00:00-00:00,1,2016-04-15,8,0,DAM,SDGE-TAC,Demand Forecast Day Ahead,SYS_FCST_DA_MW,2.4,2180,DAM,7
2016-04-15T23:00:00-00:00,2016-04-16T00:00:00-00:00,1,2016-04-15,17,0,DAM,SDGE-TAC,Demand Forecast Day Ahead,SYS_FCST_DA_MW,2.4,2129,DAM,7
2016-04-15T18:00:00-00:00,2016-04-15T19:00:00-00:00,1,2016-04-15,12,0,DAM,SDGE-TAC,Demand Forecast Day Ahead,SYS_FCST_DA_MW,2.4,2055,DAM,7
2016-04-15T12:00:00-00:00,2016-04-15T13:00:00-00:00,1,2016-04-15,6,0,DAM,SDGE-TAC,Demand Forecast Day Ahead,SYS_FCST_DA_MW,2.4,1876,DAM,7
2016-04-15T16:00:00-00:00,2016-04-15T17:00:00-00:00,1,2016-04-15,10,0,DAM,SDGE-TAC,Demand Forecast Day Ahead,SYS_FCST_DA_MW,2.4,2186,DAM,7
2016-04-15T15:00:00-00:00,2016-04-15T16:00:00-00:00,1,2016-04-15,9,0,DAM,SDGE-TAC,Demand Forecast Day Ahead,SYS_FCST_DA_MW,2.4,2220,DAM,7
2016-04-15T09:00:00-00:00,2016-04-15T10:00:00-00:00,1,2016-04-15,3,0,DAM,SDGE-TAC,Demand Forecast Day Ahead,SYS_FCST_DA_MW,2.4,1709,DAM,7
2016-04-15T07:00:00-00:00,2016-04-15T08:00:00-00:00,1,2016-04-15,1,0,DAM,SDGE-TAC,Demand Forecast Day Ahead,SYS_FCST_DA_MW,2.4,1851,DAM,7
2016-04-16T03:00:00-00:00,2016-04-16T04:00:00-00:00,1,2016-04-15,21,0,DAM,SDGE-TAC,Demand Forecast Day Ahead,SYS_FCST_DA_MW,2.4,2551,DAM,7
2016-04-16T06:00:00-00:00,2016-04-16T07:00:00-00:00,1,2016-04-15,24,0,DAM,SDGE-TAC,Demand Forecast Day Ahead,SYS_FCST_DA_MW,2.4,2029,DAM,7
2016-04-15T20:00:00-00:00,2016-04-15T21:00:00-00:00,1,2016-04-15,14,0,DAM,SDGE-TAC,Demand Forecast Day Ahead,SYS_FCST_DA_MW,2.4,2045,DAM,7
2016-04-15T21:00:00-00:00,2016-04-15T22:00:00-00:00,1,2016-04-15,15,0,DAM,SDGE-TAC,Demand Forecast Day Ahead,SYS_FCST_DA_MW,2.4,2054,DAM,7
2016-04-15T10:00:00-00:00,2016-04-15T11:00:00-00:00,1,2016-04-15,4,0,DAM,SDGE-TAC,Demand Forecast Day Ahead,SYS_FCST_DA_MW,2.4,1694,DAM,7
2016-04-16T02:00:00-00:00,2016-04-16T03:00:00-00:00,1,2016-04-15,20,0,DAM,SDGE-TAC,Demand Forecast Day Ahead,SYS_FCST_DA_MW,2.4,2507,DAM,7
2016-04-16T05:00:00-00:00,2016-04-16T06:00:00-00:00,1,2016-04-15,23,0,DAM,SDGE-TAC,Demand Forecast Day Ahead,SYS_FCST_DA_MW,2.4,2231,DAM,7
2016-04-16T00:00:00-00:00,2016-04-16T01:00:00-00:00,1,2016-04-15,18,0,DAM,SDGE-TAC,Demand Forecast Day Ahead,SYS_FCST_DA_MW,2.4,2218,DAM,7
2016-04-15T13:00:00-00:00,2016-04-15T14:00:00-00:00,1,2016-04-15,7,0,DAM,SDGE-TAC,Demand Forecast Day Ahead,SYS_FCST_DA_MW,2.4,2088,DAM,7
2016-04-16T01:00:00-00:00,2016-04-16T02:00:00-00:00,1,2016-04-15,19,0,DAM,SDGE-TAC,Demand Forecast Day Ahead,SYS_FCST_DA_MW,2.4,2320,DAM,7
2016-04-15T13:00:00-00:00,2016-04-15T14:00:00-00:00,1,2016-04-15,7,0,DAM,VEA-TAC,Demand Forecast Day Ahead,SYS_FCST_DA_MW,2.5,55.59,DAM,8
2016-04-15T23:00:00-00:00,2016-04-16T00:00:00-00:00,1,2016-04-15,17,0,DAM,VEA-TAC,Demand Forecast Day Ahead,SYS_FCST_DA_MW,2.5,53.04,DAM,8
2016-04-16T00:00:00-00:00,2016-04-16T01:00:00-00:00,1,2016-04-15,18,0,DAM,VEA-TAC,Demand Forecast Day Ahead,SYS_FCST_DA_MW,2.5,53.33,DAM,8
2016-04-15T11:00:00-00:00,2016-04-15T12:00:00-00:00,1,2016-04-15,5,0,DAM,VEA-TAC,Demand Forecast Day Ahead,SYS_FCST_DA_MW,2.5,45.02,DAM,8
2016-04-15T18:00:00-00:00,2016-04-15T19:00:00-00:00,1,2016-04-15,12,0,DAM,VEA-TAC,Demand Forecast Day Ahead,SYS_FCST_DA_MW,2.5,52.55,DAM,8
2016-04-16T04:00:00-00:00,2016-04-16T05:00:00-00:00,1,2016-04-15,22,0,DAM,VEA-TAC,Demand Forecast Day Ahead,SYS_FCST_DA_MW,2.5,50.55,DAM,8
2016-04-15T14:00:00-00:00,2016-04-15T15:00:00-00:00,1,2016-04-15,8,0,DAM,VEA-TAC,Demand Forecast Day Ahead,SYS_FCST_DA_MW,2.5,56.5,DAM,8
2016-04-15T08:00:00-00:00,2016-04-15T09:00:00-00:00,1,2016-04-15,2,0,DAM,VEA-TAC,Demand Forecast Day Ahead,SYS_FCST_DA_MW,2.5,41.52,DAM,8
2016-04-15T19:00:00-00:00,2016-04-15T20:00:00-00:00,1,2016-04-15,13,0,DAM,VEA-TAC,Demand Forecast Day Ahead,SYS_FCST_DA_MW,2.5,52.14,DAM,8
2016-04-15T22:00:00-00:00,2016-04-15T23:00:00-00:00,1,2016-04-15,16,0,DAM,VEA-TAC,Demand Forecast Day Ahead,SYS_FCST_DA_MW,2.5,53.08,DAM,8
2016-04-16T06:00:00-00:00,2016-04-16T07:00:00-00:00,1,2016-04-15,24,0,DAM,VEA-TAC,Demand Forecast Day Ahead,SYS_FCST_DA_MW,2.5,44.78,DAM,8
2016-04-15T17:00:00-00:00,2016-04-15T18:00:00-00:00,1,2016-04-15,11,0,DAM,VEA-TAC,Demand Forecast Day Ahead,SYS_FCST_DA_MW,2.5,54.08,DAM,8
2016-04-16T01:00:00-00:00,2016-04-16T02:00:00-00:00,1,2016-04-15,19,0,DAM,VEA-TAC,Demand Forecast Day Ahead,SYS_FCST_DA_MW,2.5,52.68,DAM,8
2016-04-16T02:00:00-00:00,2016-04-16T03:00:00-00:00,1,2016-04-15,20,0,DAM,VEA-TAC,Demand Forecast Day Ahead,SYS_FCST_DA_MW,2.5,53.12,DAM,8
2016-04-16T05:00:00-00:00,2016-04-16T06:00:00-00:00,1,2016-04-15,23,0,DAM,VEA-TAC,Demand Forecast Day Ahead,SYS_FCST_DA_MW,2.5,47.52,DAM,8
2016-04-15T07:00:00-00:00,2016-04-15T08:00:00-00:00,1,2016-04-15,1,0,DAM,VEA-TAC,Demand Forecast Day Ahead,SYS_FCST_DA_MW,2.5,42.59,DAM,8
2016-04-15T12:00:00-00:00,2016-04-15T13:00:00-00:00,1,2016-04-15,6,0,DAM,VEA-TAC,Demand Forecast Day Ahead,SYS_FCST_DA_MW,2.5,49.91,DAM,8
2016-04-15T15:00:00-00:00,2016-04-15T16:00:00-00:00,1,2016-04-15,9,0,DAM,VEA-TAC,Demand Forecast Day Ahead,SYS_FCST_DA_MW,2.5,55.71,DAM,8
2016-04-15T21:00:00-00:00,2016-04-15T22:00:00-00:00,1,2016-04-15,15,0,DAM,VEA-TAC,Demand Forecast Day Ahead,SYS_FCST_DA_MW,2.5,52.6,DAM,8
2016-04-15T09:00:00-00:00,2016-04-15T10:00:00-00:00,1,2016-04-15,3,0,DAM,VEA-TAC,Demand Forecast Day Ahead,SYS_FCST_DA_MW,2.5,41.5,DAM,8
2016-04-15T10:00:00-00:00,2016-04-15T11:00:00-00:00,1,2016-04-15,4,0,DAM,VEA-TAC,Demand Forecast Day Ahead,SYS_FCST_DA_MW,2.5,42.37,DAM,8
2016-04-15T16:00:00-00:00,2016-04-15T17:00:00-00:00,1,2016-04-15,10,0,DAM,VEA-TAC,Demand Forecast Day Ahead,SYS_FCST_DA_MW,2.5,55.1,DAM,8
2016-04-16T03:00:00-00:00,2016-04-16T04:00:00-00:00,1,2016-04-15,21,0,DAM,VEA-TAC,Demand Forecast Day Ahead,SYS_FCST_DA_MW,2.5,53.02,DAM,8
2016-04-15T20:00:00-00:00,2016-04-15T21:00:00-00:00,1,2016-04-15,14,0,DAM,VEA-TAC,Demand Forecast Day Ahead,SYS_FCST_DA_MW,2.5,52.27,DAM,8
